{"sebastianpinera": [[0, 0.11613718326075922], [1, 0.28858615972210322], [2, 0.16220909094629138], [3, 0.43306191777122677]], "guillier": [[0, 0.67887958813918026], [1, 0.02177945323906957], [2, 0.15203644671373112], [3, 0.14729758053096292]], "labeasanchez": [[0, 0.20839470900213852], [1, 0.15468515960292234], [2, 0.29786315128050833], [3, 0.33903810011195268]], "marcoporchile": [[0, 0.40103969266471301], [1, 0.11880535533235571], [2, 0.25376369168478896], [3, 0.2263789637489016]], "carolinagoic": [[0, 0.11551948917906273], [1, 0.041677696653677009], [2, 0.81332477649306645], [3, 0.029355321732005134]], "eduardoartes": [[1, 0.9959826290620023]], "senadornavarro": [[0, 0.1206126538093819], [2, 0.059095337194590557], [3, 0.81533036804914361]], "joseantoniokast": [[0, 0.50427773423704925], [2, 0.13866478081149622], [3, 0.35601376223309278]]}